Model,UnitTest,IntegrationTest,Benchmark
"Copyright 2025 Google LLC",N/A,N/A,N/A
"Copyright 2025 Google LLC",N/A,N/A,N/A
"Copyright 2025 Google LLC",N/A,N/A,N/A
"Copyright 2025 Google LLC",N/A,N/A,N/A
"Copyright 2025 Google LLC",N/A,N/A,N/A
"Copyright 2025 Google LLC",N/A,N/A,N/A
"Copyright 2025 Google LLC",N/A,N/A,N/A
"Copyright 2025 Google LLC",N/A,N/A,N/A
"Copyright 2025 Google LLC",N/A,N/A,N/A
"Copyright 2025 Google LLC",N/A,N/A,N/A
"Copyright 2025 Google LLC",N/A,N/A,N/A
"Copyright 2025 Google LLC",N/A,N/A,N/A
"Copyright 2025 Google LLC",N/A,N/A,N/A
"Copyright 2025 Google LLC",N/A,N/A,N/A
