Device,Model,MaxNumSeqs,MaxNumBatchedTokens,TensorParallelSize,MaxModelLen,Dataset,InputLen,OutputLen,ExpectedETEL,NumPrompts,ModelTag,PrefixLen,AdditionalConfig,ExtraArgs
tpu7x-2,meta-llama/Llama-3.1-8B-Instruct,1024,4096,2,10240,bench-custom-token,2048,8192,,1000,NEW,0,''
tpu7x-2,meta-llama/Llama-3.1-8B-Instruct,1024,4096,2,5120,bench-custom-token,1024,4096,,1000,NEW,0,''
tpu7x-2,meta-llama/Llama-3.1-8B-Instruct,1024,4096,2,5120,bench-custom-token,4096,1024,,1000,NEW,3600,''
tpu7x-2,meta-llama/Llama-3.1-8B-Instruct,1024,4096,2,10240,bench-custom-token,8192,2048,,1000,NEW,7900,''
tpu7x-2,meta-llama/Llama-3.1-8B-Instruct,1024,4096,2,10240,bench-custom-token,2048,8192,,1000,NEW,0,'{"quantization": { "qwix": { "rules": [{ "module_path": ".*", "weight_qtype": "float8_e4m3fn", "act_qtype": "float8_e4m3fn"}]}}}'
tpu7x-2,meta-llama/Llama-3.1-8B-Instruct,1024,4096,2,5120,bench-custom-token,1024,4096,,1000,NEW,0,'{"quantization": { "qwix": { "rules": [{ "module_path": ".*", "weight_qtype": "float8_e4m3fn", "act_qtype": "float8_e4m3fn"}]}}}'
tpu7x-2,meta-llama/Llama-3.1-8B-Instruct,1024,4096,2,5120,bench-custom-token,4096,1024,,1000,NEW,3600,'{"quantization": { "qwix": { "rules": [{ "module_path": ".*", "weight_qtype": "float8_e4m3fn", "act_qtype": "float8_e4m3fn"}]}}}'
tpu7x-2,meta-llama/Llama-3.1-8B-Instruct,1024,4096,2,10240,bench-custom-token,8192,2048,,1000,NEW,7900,'{"quantization": { "qwix": { "rules": [{ "module_path": ".*", "weight_qtype": "float8_e4m3fn", "act_qtype": "float8_e4m3fn"}]}}}'
tpu7x-2,meta-llama/Llama-3.3-70B-Instruct,1024,4096,2,10240,bench-custom-token,2048,8192,25200000,1000,NEW,0,''
tpu7x-2,meta-llama/Llama-3.3-70B-Instruct,1024,4096,2,5120,bench-custom-token,1024,4096,25200000,1000,NEW,0,''
tpu7x-2,meta-llama/Llama-3.3-70B-Instruct,1024,4096,2,5120,bench-custom-token,4096,1024,25200000,1000,NEW,3600,''
tpu7x-2,meta-llama/Llama-3.3-70B-Instruct,1024,4096,2,10240,bench-custom-token,8192,2048,25200000,1000,NEW,7900,''
tpu7x-2,Qwen/Qwen3-4B,1024,4096,2,10240,bench-custom-token,2048,8192,,1000,NEW,0,''
tpu7x-2,Qwen/Qwen3-4B,1024,4096,2,5120,bench-custom-token,1024,4096,,1000,NEW,0,''
tpu7x-2,Qwen/Qwen3-4B,1024,4096,2,5120,bench-custom-token,4096,1024,,1000,NEW,3600,''
tpu7x-2,Qwen/Qwen3-4B,1024,4096,2,10240,bench-custom-token,8192,2048,,1000,NEW,7900,''
tpu7x-2,Qwen/Qwen3-4B,512,4096,2,10240,bench-custom-token,2048,8192,,1000,NEW,0,'{"quantization": { "qwix": { "rules": [{ "module_path": ".*", "weight_qtype": "float8_e4m3fn", "act_qtype": "float8_e4m3fn"}]}}}','--kv-cache-dtype=fp8 --gpu-memory-utilization=0.98'
tpu7x-2,Qwen/Qwen3-4B,512,4096,2,5120,bench-custom-token,1024,4096,,1000,NEW,0,'{"quantization": { "qwix": { "rules": [{ "module_path": ".*", "weight_qtype": "float8_e4m3fn", "act_qtype": "float8_e4m3fn"}]}}}','--kv-cache-dtype=fp8 --gpu-memory-utilization=0.98'
tpu7x-2,Qwen/Qwen3-4B,512,4096,2,5120,bench-custom-token,4096,1024,,1000,NEW,3600,'{"quantization": { "qwix": { "rules": [{ "module_path": ".*", "weight_qtype": "float8_e4m3fn", "act_qtype": "float8_e4m3fn"}]}}}','--kv-cache-dtype=fp8 --gpu-memory-utilization=0.98'
tpu7x-2,Qwen/Qwen3-4B,512,4096,2,10240,bench-custom-token,8192,2048,,1000,NEW,7900,'{"quantization": { "qwix": { "rules": [{ "module_path": ".*", "weight_qtype": "float8_e4m3fn", "act_qtype": "float8_e4m3fn"}]}}}','--kv-cache-dtype=fp8 --gpu-memory-utilization=0.98'
tpu7x-2,Qwen/Qwen3-32B,1024,4096,2,10240,bench-custom-token,2048,8192,10800000,1000,NEW,0,''
tpu7x-2,Qwen/Qwen3-32B,1024,4096,2,5120,bench-custom-token,1024,4096,,1000,NEW,0,''
tpu7x-2,Qwen/Qwen3-32B,1024,4096,2,5120,bench-custom-token,4096,1024,,1000,NEW,3600,''
tpu7x-2,Qwen/Qwen3-32B,1024,4096,2,10240,bench-custom-token,8192,2048,10800000,1000,NEW,7900,''
tpu7x-2,Qwen/Qwen3-32B,256,4096,2,10240,bench-custom-token,2048,8192,10800000,1000,NEW,0,'{"quantization": { "qwix": { "rules": [{ "module_path": ".*", "weight_qtype": "float8_e4m3fn", "act_qtype": "float8_e4m3fn"}]}}}','--kv-cache-dtype=fp8 --gpu-memory-utilization=0.98'
tpu7x-2,Qwen/Qwen3-32B,256,4096,2,5120,bench-custom-token,1024,4096,10800000,1000,NEW,0,'{"quantization": { "qwix": { "rules": [{ "module_path": ".*", "weight_qtype": "float8_e4m3fn", "act_qtype": "float8_e4m3fn"}]}}}','--kv-cache-dtype=fp8 --gpu-memory-utilization=0.98'
tpu7x-2,Qwen/Qwen3-32B,256,4096,2,5120,bench-custom-token,4096,1024,10800000,1000,NEW,3600,'{"quantization": { "qwix": { "rules": [{ "module_path": ".*", "weight_qtype": "float8_e4m3fn", "act_qtype": "float8_e4m3fn"}]}}}','--kv-cache-dtype=fp8 --gpu-memory-utilization=0.98'
tpu7x-2,Qwen/Qwen3-32B,256,4096,2,10240,bench-custom-token,8192,2048,10800000,1000,NEW,7900,'{"quantization": { "qwix": { "rules": [{ "module_path": ".*", "weight_qtype": "float8_e4m3fn", "act_qtype": "float8_e4m3fn"}]}}}','--kv-cache-dtype=fp8 --gpu-memory-utilization=0.98'
